

INSERT INTO task (id, name, description, start_time, end_time, setup, cycletime, process_id, department_id, machine_id, tooling_id) VALUES
(1, 'Acquiring wooden boards and leather edited', 'Acquisition of raw material from the relative department <span style="background-color: rgb(255, 255, 0);">EDITED</span>', '2017-05-01', '2017-05-01', 1.0000, 20.0000, 1, 1, 1, 17),
(2, 'Seat, back, armrests and legs cutting', 'Cutting of the components of the chair from the raw material', '2017-05-02', '2017-05-04', 3.0000, 120.7000, 1, 3, 4, 1),
(3, 'Parts planing', 'Planing of the component previously cutted', '2017-05-05', '2017-05-06', 2.0000, 75.0000, 1, 5, 8, 4),
(4, 'Polishing of seat, back, armrests and legs', '', '2017-05-08', '2017-05-09', 4.0000, 200.0000, 1, 6, 10, 14),
(5, 'Drilling of the seat and the back', '', '2017-05-07', '2017-05-08', 1.5000, 130.0000, 1, 7, 14, 9),
(6, 'Assembly of the parts', 'Assemblying of the components previously drilled and polished', '2017-05-09', '2017-05-10', 5.5000, 180.0000, 1, 8, 17, 12),
(7, 'Spray finishing of the assembled product', 'Coating of the assembled product with spray finish', '2017-05-10', '2017-05-11', 4.2000, 250.5000, 1, 10, 24, 15),
(8, 'Drying and cleaning of the product', 'Operations to dry and clean the finished chair', '2017-05-12', '2017-05-14', 5.5000, 300.0000, 1, 9, 22, 19),
(9, 'Quality control of the chair', '', '2017-05-14', '2017-05-15', 0.0000, 0.0000, 1, 13, 0, 1),
(10, 'Packing and shipping of the chair', '', '2017-05-15', '2017-05-16', 2.0000, 140.0000, 1, 2, 29, 1),
(11, 'Acquiring wooden boards and metal details', 'Acquisition of raw material from the relative department', '2017-05-20', '2017-04-20', 1.0000, 10.0000, 2, 1, 1, 1),
(12, 'Doors cutting', 'Cutting of the components of the door from the raw material', '2017-04-21', '2017-04-21', 3.5000, 140.0000, 2, 3, 3, 3),
(13, 'Parts milling', 'Sawmilling of the component previously cutted', '2017-04-22', '2017-04-23', 1.5000, 175.0000, 2, 4, 4, 3),
(14, 'Polishing of doors', '', '2017-04-23', '2017-04-25', 2.3000, 110.0000, 2, 6, 12, 1),
(15, 'Drilling of the holes for the handle and the spind', '', '2017-04-25', '2017-04-26', 1.5000, 160.0000, 2, 7, 14, 9),
(16, 'Assembly of the handle and the pins', '', '2017-04-26', '2017-04-26', 2.5000, 80.0000, 2, 8, 19, 10),
(17, 'Spray finishing of the product', 'Coating of the product with spray finish', '2017-04-27', '2017-04-28', 2.0000, 150.6000, 2, 10, 0, 15),
(18, 'Drying and cleaning of the door', 'Operations to dry and clean the finished door', '2017-04-28', '2017-04-28', 4.7000, 50.0000, 2, 9, 21, 17),
(19, 'Quality control of the sliding door', '', '2017-04-29', '2017-04-30', 0.0000, 0.0000, 2, 13, 0, 1),
(20, 'Packing and shipping of the door', '', '2017-04-30', '2017-04-30', 3.0000, 80.0000, 2, 2, 2, 2),
(21, 'Acquiring wood', 'Acquisition of raw material from the relative department', '2017-05-16', '2017-05-16', 1.0000, 5.5000, 3, 1, 1, 1),
(22, 'Cutting of the table and the legs of the desk', 'Cutting of the components of the desk from the raw material', '2017-05-17', '2017-05-18', 3.5000, 140.0000, 3, 3, 3, 3),
(23, 'Parts planing', 'Planing of the component previously cutted', '2017-05-18', '2017-05-19', 1.5000, 156.0000, 3, 4, 3, 5),
(24, 'Polishing of table and legs', '', '2017-05-19', '2017-05-20', 2.7000, 110.0000, 3, 6, 12, 1),
(25, 'Drilling of the holes for the assebly operations', '', '2017-05-21', '2017-05-21', 1.5000, 160.0000, 3, 7, 14, 9),
(26, 'Assembly of the desk and the legs', 'Mounting the table of the desk above the legs', '2017-05-22', '2017-05-23', 2.5000, 80.0000, 3, 8, 16, 18),
(27, 'Spray finishing of the product', 'Coating of the product with spray finish', '2017-05-23', '2017-05-25', 2.0000, 140.0000, 3, 10, 0, 14),
(28, 'Cleaning of the desk', 'Operations to clean the finished desk', '2017-05-26', '2017-05-28', 4.7000, 59.0000, 3, 12, 5, 17),
(29, 'Quality control of the writing desk', '', '2017-05-29', '2017-05-29', 0.0000, 0.0000, 3, 13, 0, 1),
(30, 'Packing and shipping of desk', 'Operations to pack and send the product', '2017-05-30', '2017-05-30', 4.9000, 110.0000, 3, 2, 29, 1),
(31, 'Prueba final', '<p>esto es unaprueba</p>', '2017-11-30', '2017-12-03', 4.5000, 3.5000, 1, 10, 15, 16),
(32, 'Acquiring wooden boards and leather Edited', 'Acquisition of raw material from the relative department Edited', '2017-05-01', '2017-05-01', 1.0000, 20.0000, 1, 1, 1, 17),
(33, 'Acquiring wooden boards and leather edited', 'Acquisition of raw material from the relative department <span style="background-color: rgb(255, 255, 0);">EDITED</span>', '2017-05-01', '2017-05-01', 1.0000, 20.0000, 1, 1, 1, 16);


INSERT INTO input (id, type, description, task_id) VALUES
(1, 'RAW MATERIAL', 'Walden wood boards', 2),
(2, 'RAW MATERIAL', 'Wooden boards', 12),
(3, 'RAW MATERIAL', 'Cherry wood', 22),
(4, 'ASSEMBLY', 'Assembled chair', 7),
(5, 'ASSEMBLY', 'Assembled door', 17),
(6, 'ASSEMBLY', 'Assembled desk', 27),
(7, 'RAW MATERIAL', 'Wooden boards and leather', 1);

INSERT INTO output (id, type, description, task_id) VALUES
(1, 'ASSEMBLY', 'Assembled chair', 6),
(2, 'ASSEMBLY', 'Assembled door', 16),
(3, 'ASSEMBLY', 'Assembled desk', 26),
(4, 'PACKED PRODUCT', 'Packed chair', 10),
(5, 'PACKED PRODUCT', 'Packed door', 20),
(6, 'PACKED PRODUCT', 'Packed desk', 30),
(7, 'RAW MATERIAL', 'Acquired wooden boards and leather', 1);
